ID,prediction
28800,-1.4313755
28801,-0.2679783
28802,-1.7693157
