ID,prediction
28800,0.15909988869514352
28801,0.5395819412526445
28802,0.3130001598047024
