ID,prediction
28800,-0.8181893136270264
28801,0.11164072492774375
28802,-0.8123309107588659
