ID,prediction
28800,0.2696323281491554
28801,0.575538086699131
28802,0.28857481853435946
